{
  "cleanUrls": true,
  "trailingSlash": false,
  "rewrites": [
    {
      "source": "/",
      "destination": "/index.html"
    },
    {
      "source": "/blog",
      "destination": "/blog/index.html"
    }
  ],
  "headers": [
    {
      "source": "/(.*)",
      "headers": [
        {
          "key": "X-Content-Type-Options",
          "value": "nosniff"
        },
        {
          "key": "X-Frame-Options",
          "value": "SAMEORIGIN"
        },
        {
          "key": "X-XSS-Protection",
          "value": "1; mode=block"
        }
      ]
    }
  ]
}